<?xml version="1.0" encoding="UTF-8"?>
<addon id="repository.ix8" name="ix8 Repository" provider-name="ix8" version="1.1.1">
    <extension point="xbmc.addon.repository" name="ix8 Repository">

        <!-- ===== The Crew repo dirs ===== -->
        <dir minversion="18.9.9">
            <info compressed="false">https://raw.githubusercontent.com/thecrewwh/zips/master/matrix/_zip/addons.xml</info>
            <checksum>https://raw.githubusercontent.com/thecrewwh/zips/master/matrix/_zip/addons.xml.md5</checksum>
            <datadir zip="true">https://raw.githubusercontent.com/thecrewwh/zips/master/matrix/_zip</datadir>
        </dir>
        <dir>
            <info compressed="false">https://raw.githubusercontent.com/Gujal00/smrzips/master/addons.xml</info>
            <checksum>https://raw.githubusercontent.com/Gujal00/smrzips/master/addons.xml.md5</checksum>
            <datadir zip="true">https://raw.githubusercontent.com/Gujal00/smrzips/master/zips/</datadir>
        </dir>
        <dir>
            <info compressed="false">https://raw.githubusercontent.com/unhingedthemes/zips/main/_zips/addons.xml</info>
            <checksum>https://raw.githubusercontent.com/unhingedthemes/zips/main/_zips/addons.xml.md5</checksum>
            <datadir zip="true">https://raw.githubusercontent.com/unhingedthemes/zips/main/_zips/</datadir>
        </dir>
        <dir>
            <info compressed="false">https://github.com/OldManJax/repository.animaniac/raw/master/addons.xml</info>
            <checksum>https://github.com/OldManJax/repository.animaniac/raw/master/addons.xml.md5</checksum>
            <datadir zip="true">https://github.com/OldManJax/repository.animaniac/raw/master/</datadir>
        </dir>
        <dir>
            <info compressed="false">https://raw.githubusercontent.com/dobbelina/repository.dobbelina/master/addons.xml</info>
            <checksum>https://raw.githubusercontent.com/dobbelina/repository.dobbelina/master/addons.xml.md5</checksum>
            <datadir zip="true">https://raw.githubusercontent.com/dobbelina/repository.dobbelina/master/</datadir>
        </dir>

        <!-- ===== SendToKodi ===== -->
        <dir minversion="18.0.0">
            <info compressed="false">https://raw.githubusercontent.com/firsttris/repository.sendtokodi/master/addon.xml</info>
            <checksum>https://raw.githubusercontent.com/firsttris/repository.sendtokodi/master/addon.xml.md5</checksum>
            <datadir zip="true">https://raw.githubusercontent.com/firsttris/repository.sendtokodi/master/</datadir>
        </dir>

        <!-- ===== Fishenzon ===== -->
        <dir>
            <info compressed="false">https://raw.githubusercontent.com/fishenzon/repo/master/addons.xml</info>
            <checksum>https://raw.githubusercontent.com/fishenzon/repo/master/addons.xml.md5</checksum>
            <datadir zip="true">https://raw.githubusercontent.com/fishenzon/repo/master/zips</datadir>
        </dir>

        <!-- ===== Yatse ===== -->
        <dir minversion="14.0.0">
            <info compressed="false">https://raw.githubusercontent.com/Tolriq/repository.yatse.kodi/master/zips/addons.xml</info>
            <checksum>https://raw.githubusercontent.com/Tolriq/repository.yatse.kodi/master/zips/addons.xml.md5</checksum>
            <datadir zip="true">https://raw.githubusercontent.com/Tolriq/repository.yatse.kodi/master/zips/</datadir>
            <hashes>false</hashes>
        </dir>
        <dir minversion="18.9.0">
            <info compressed="false">https://raw.githubusercontent.com/Tolriq/repository.yatse.kodi/master/matrix/addons.xml</info>
            <checksum>https://raw.githubusercontent.com/Tolriq/repository.yatse.kodi/master/matrix/addons.xml.md5</checksum>
            <datadir zip="true">https://raw.githubusercontent.com/Tolriq/repository.yatse.kodi/master/matrix/</datadir>
            <hashes>false</hashes>
        </dir>

        <!-- ===== kodifitzwell / kodiyashimaru ===== -->
        <dir minversion="19.0.0">
            <info compressed="false">https://kodiyashimaru.github.io/repo/packages/addons.xml</info>
            <checksum>https://kodiyashimaru.github.io/repo/packages/addons.xml.md5</checksum>
            <datadir zip="true">https://kodiyashimaru.github.io/repo/</datadir>
        </dir>
        <dir minversion="19.0.0">
            <info compressed="false">https://kodifitzwell.github.io/repo/packages/addons.xml</info>
            <checksum>https://kodifitzwell.github.io/repo/packages/addons.xml.md5</checksum>
            <datadir zip="true">https://kodifitzwell.github.io/repo/</datadir>
        </dir>

        <!-- ===== TheLab ===== -->
        <dir minversion="21.0" maxversion="21.9.0">
            <!-- TheLab Omega Repo -->
            <info compressed="false">https://www.midian.appboxes.co/wolfyB/Th3L48/omega/zips/addons.xml</info>
            <checksum>https://www.midian.appboxes.co/wolfyB/Th3L48/omega/zips/addons.xml.md5</checksum>
            <datadir zip="true">https://www.midian.appboxes.co/wolfyB/Th3L48/omega/zips/</datadir>
        </dir>
        <dir minversion="20.0" maxversion="20.9.0">
            <!-- TheLab Nexus Repo -->
            <info compressed="false">https://www.midian.appboxes.co/wolfyB/Th3L48/nexus/zips/addons.xml</info>
            <checksum>https://www.midian.appboxes.co/wolfyB/Th3L48/nexus/zips/addons.xml.md5</checksum>
            <datadir zip="true">https://www.midian.appboxes.co/wolfyB/Th3L48/nexus/zips/</datadir>
        </dir>
        <dir minversion="19.0" maxversion="19.9.0">
            <!-- TheLab Matrix Repo -->
            <info compressed="false">https://www.midian.appboxes.co/wolfyB/Th3L48/matrix/zips/addons.xml</info>
            <checksum>https://www.midian.appboxes.co/wolfyB/Th3L48/matrix/zips/addons.xml.md5</checksum>
            <datadir zip="true">https://www.midian.appboxes.co/wolfyB/Th3L48/matrix/zips/</datadir>
        </dir>
        <dir minversion="18.0" maxversion="18.9.0">
            <!-- TheLab Leia Repo -->
            <info compressed="false">https://www.midian.appboxes.co/wolfyB/Th3L48/leia/zips/addons.xml</info>
            <checksum>https://www.midian.appboxes.co/wolfyB/Th3L48/leia/zips/addons.xml.md5</checksum>
            <datadir zip="true">https://www.midian.appboxes.co/wolfyB/Th3L48/leia/zips/</datadir>
        </dir>
        <dir>
            <!-- ResolveUrl / Gujal -->
            <info compressed="false">https://raw.githubusercontent.com/Gujal00/smrzips/master/addons.xml</info>
            <checksum>https://raw.githubusercontent.com/Gujal00/smrzips/master/addons.xml.md5</checksum>
            <datadir zip="true">https://raw.githubusercontent.com/Gujal00/smrzips/master/zips/</datadir>
        </dir>

        <!-- ===== Magnetic Repo ===== -->
        <dir>
            <info compressed="false">https://magnetic.website/__zips/addons.xml</info>
            <checksum>https://magnetic.website/__zips/addons.xml.md5</checksum>
            <datadir zip="true">https://magnetic.website/__zips/</datadir>
            <hashes>false</hashes>
        </dir>
        <dir>
            <info compressed="false">https://raw.githubusercontent.com/teamuniversal/scrapers/master/_modules4all/zips/addons.xml</info>
            <checksum>https://raw.githubusercontent.com/teamuniversal/scrapers/master/_modules4all/zips/addons.xml.md5</checksum>
            <datadir zip="true">https://raw.githubusercontent.com/teamuniversal/scrapers/master/_modules4all/zips/</datadir>
            <hashes>false</hashes>
        </dir>
        <dir>
            <info compressed="false">https://raw.githubusercontent.com/totalrevolution/python-koding/master/zips/addons.xml</info>
            <checksum>https://raw.githubusercontent.com/totalrevolution/python-koding/master/zips/addons.xml.md5</checksum>
            <datadir zip="true">https://raw.githubusercontent.com/totalrevolution/python-koding/master/zips/</datadir>
        </dir>
        <dir>
            <info compressed="false">https://raw.githubusercontent.com/jenaddon/repository.jenrepo/master/zips/addons.xml</info>
            <checksum>https://raw.githubusercontent.com/jenaddon/repository.jenrepo/master/zips/addons.xml.md5</checksum>
            <datadir zip="true">https://raw.githubusercontent.com/jenaddon/repository.jenrepo/master/zips/</datadir>
            <hashes>false</hashes>
        </dir>
        <dir>
            <info compressed="false">https://raw.githubusercontent.com/a4k-openproject/repository.openscrapers/master/zips/addons.xml</info>
            <checksum>https://raw.githubusercontent.com/a4k-openproject/repository.openscrapers/master/zips/addons.xml.md5</checksum>
            <datadir zip="true">https://raw.githubusercontent.com/a4k-openproject/repository.openscrapers/master/zips/</datadir>
        </dir>
        <dir>
            <info compressed="false">https://raw.githubusercontent.com/Gujal00/smrzips/master/addons.xml</info>
            <checksum>https://raw.githubusercontent.com/Gujal00/smrzips/master/addons.xml.md5</checksum>
            <datadir zip="true">https://raw.githubusercontent.com/Gujal00/smrzips/master/zips/</datadir>
        </dir>

        <!-- ===== JewRepo ===== -->
        <dir>
            <info compressed="false">https://raw.githubusercontent.com/jewbmx/repo/master/addons.xml</info>
            <checksum>https://raw.githubusercontent.com/jewbmx/repo/master/addons.xml.md5</checksum>
            <datadir zip="true">https://raw.githubusercontent.com/jewbmx/repo/master/zips/</datadir>
        </dir>
        <dir>
            <info compressed="false">https://raw.githubusercontent.com/Gujal00/smrzips/master/addons.xml</info>
            <checksum>https://raw.githubusercontent.com/Gujal00/smrzips/master/addons.xml.md5</checksum>
            <datadir zip="true">https://raw.githubusercontent.com/Gujal00/smrzips/master/zips/</datadir>
        </dir>

        <!-- ===== Diggz ===== -->
        <dir minversion="20.90.0" maxversion="22.9.9">
            <info compressed="false">https://raw.githubusercontent.com/nebulous42069/Omega/master/omega/zips/addons.xml</info>
            <checksum>https://raw.githubusercontent.com/nebulous42069/Omega/master/omega/zips/addons.xml.md5</checksum>
            <datadir zip="true">https://raw.githubusercontent.com/nebulous42069/Omega/master/omega/zips/</datadir>
        </dir>
        <dir>
            <info compressed="false">https://raw.githubusercontent.com/Zaxxon709/zaxxon/main/zips/addons.xml</info>
            <checksum>https://raw.githubusercontent.com/Zaxxon709/zaxxon/main/zips/addons.xml.md5</checksum>
            <datadir zip="true">https://raw.githubusercontent.com/Zaxxon709/zaxxon/main/zips/</datadir>
        </dir>

        <!-- ===== mbebe ===== -->
        <dir>
            <info compressed="false">https://raw.githubusercontent.com/mbebe/blomqvist/master/zips/addons.xml</info>
            <checksum>https://raw.githubusercontent.com/mbebe/blomqvist/master/zips/addons.xml.md5</checksum>
            <datadir zip="true">https://raw.githubusercontent.com/mbebe/blomqvist/master/zips/</datadir>
        </dir>
        <dir>
            <info compressed="false">https://raw.githubusercontent.com/Proximus20001/mb-support/master/zips/addons.xml</info>
            <checksum>https://raw.githubusercontent.com/Proximus20001/mb-support/master/zips/addons.xml.md5</checksum>
            <datadir zip="true">https://raw.githubusercontent.com/Proximus20001/mb-support/master/zips</datadir>
        </dir>
        <dir>
            <info compressed="false">https://raw.githubusercontent.com/Gujal00/smrzips/master/addons.xml</info>
            <checksum>https://raw.githubusercontent.com/Gujal00/smrzips/master/addons.xml.md5</checksum>
            <datadir zip="true">https://raw.githubusercontent.com/Gujal00/smrzips/master/zips/</datadir>
        </dir>

        <!-- ===== Nixgates ===== -->
        <dir minversion="18.0">
            <info compressed="false">https://raw.githubusercontent.com/nixgates/nixgates/master/repo/zips/addons.xml</info>
            <checksum>https://raw.githubusercontent.com/nixgates/nixgates/master/repo/zips/addons.xml.md5</checksum>
            <datadir zip="true">https://raw.githubusercontent.com/nixgates/nixgates/master/repo/zips/</datadir>
        </dir>
        <dir minversion="18.0" maxversion="18.9.0">
            <info compressed="false">https://raw.githubusercontent.com/nixgates/nixgates/master/leia/zips/addons.xml</info>
            <checksum>https://raw.githubusercontent.com/nixgates/nixgates/master/leia/zips/addons.xml.md5</checksum>
            <datadir zip="true">https://raw.githubusercontent.com/nixgates/nixgates/master/leia/zips/</datadir>
        </dir>
        <dir minversion="18.9.0">
            <info compressed="false">https://raw.githubusercontent.com/nixgates/nixgates/master/matrix/zips/addons.xml</info>
            <checksum>https://raw.githubusercontent.com/nixgates/nixgates/master/matrix/zips/addons.xml.md5</checksum>
            <datadir zip="true">https://raw.githubusercontent.com/nixgates/nixgates/master/matrix/zips/</datadir>
        </dir>

        <!-- ===== Umbrella ===== -->
        <dir minversion="18.9.701" maxversion="19.5">
            <info compressed="false">https://raw.githubusercontent.com/umbrellaplug/umbrellaplug.github.io/master/matrix/zips/addons.xml</info>
            <checksum>https://raw.githubusercontent.com/umbrellaplug/umbrellaplug.github.io/master/matrix/zips/addons.xml.md5</checksum>
            <datadir zip="true">https://raw.githubusercontent.com/umbrellaplug/umbrellaplug.github.io/master/matrix/zips/</datadir>
        </dir>
        <dir minversion="19.8.0" maxversion="20.89.0">
            <info compressed="false">https://raw.githubusercontent.com/umbrellaplug/umbrellaplug.github.io/master/nexus/zips/addons.xml</info>
            <checksum>https://raw.githubusercontent.com/umbrellaplug/umbrellaplug.github.io/master/nexus/zips/addons.xml.md5</checksum>
            <datadir zip="true">https://raw.githubusercontent.com/umbrellaplug/umbrellaplug.github.io/master/nexus/zips/</datadir>
        </dir>
        <dir minversion="20.90.0">
            <info compressed="false">https://raw.githubusercontent.com/umbrellaplug/umbrellaplug.github.io/master/omega/zips/addons.xml</info>
            <checksum>https://raw.githubusercontent.com/umbrellaplug/umbrellaplug.github.io/master/omega/zips/addons.xml.md5</checksum>
            <datadir zip="true">https://raw.githubusercontent.com/umbrellaplug/umbrellaplug.github.io/master/omega/zips/</datadir>
        </dir>

    </extension>

    <extension point="xbmc.addon.metadata">
        <summary lang="en">ix8 mega-repo wrapper for my usual sources.</summary>
        <description lang="en">Custom repository that aggregates my usual third-party repos into one install.</description>
        <platform>all</platform>
        <assets>
            <icon>icon.png</icon>
            <fanart>fanart.jpg</fanart>
        </assets>
    </extension>
</addon>
